Tipo de Relatório: Medidas Consolidadas;;;;;;;;;;
Tipo de Agente: Conectante | Nome: BARBOSA 1;;;;;;;;;;
Periodo Solicitado de 01/12/2019 até 31/12/2019;;;;;;;;;;
Ponto de Medição;Data de Consolidação;Hora de Consolidação;Tipo de Energia;Ativa Geração (kWh);Ativa Consumo (kWh);Reativa Geração (kVArh);Reativa Consumo (kVArh);Qt Intervalos Faltantes;Situação da Medida;Motivo da Situação
SPASKCENTR101;01/11/2019;1;Liquida;0;63,504;0;31,056;0;Hora Completa Consistente;Consistido
SPASKCENTR101;01/12/2019;1;Liquida;0;63,504;0;31,056;0;Hora Completa Consistente;Consistido
SPASKCENTR101;01/12/2019;2;Liquida;0;63,504;0;31,056;0;Hora Completa Consistente;Consistido
SPASKCENTR101;01/12/2019;3;Liquida;0;67,312;0;33,808;0;Hora Completa Consistente;Consistido
SPASKCENTR101;01/12/2019;4;Liquida;0;62,608;0;31,296;0;Hora Completa Consistente;Consistido
SPASKCENTR101;01/12/2019;5;Liquida;0;61,232;0;30,48;0;Hora Completa Consistente;Consistido
SPASKCENTR101;01/12/2019;6;Liquida;0;83,072;0;36,528;0;Hora Completa Consistente;Consistido
SPASKCENTR101;01/12/2019;7;Liquida;0;95,216;0;44,064;0;Hora Completa Consistente;Consistido
SPASKCENTR101;01/12/2019;8;Liquida;0;90,176;0;42,944;0;Hora Completa Consistente;Consistido
SPASKCENTR101;01/12/2019;9;Liquida;0;98,752;0;45,632;0;Hora Completa Consistente;Consistido
SPASKCENTR101;01/12/2019;10;Liquida;0;101,648;0;42,8;0;Hora Completa Consistente;Consistido
SPASKCENTR101;01/12/2019;11;Liquida;0;100,336;0;42,496;0;Hora Completa Consistente;Consistido
SPASKCENTR101;01/12/2019;12;Liquida;0;97,488;0;41,552;0;Hora Completa Consistente;Consistido
SPASKCENTR101;01/12/2019;13;Liquida;0;102,784;0;45,984;0;Hora Completa Consistente;Consistido
SPASKCENTR101;01/12/2019;14;Liquida;0;101,2;0;44,224;0;Hora Completa Consistente;Consistido
SPASKCENTR101;01/12/2019;15;Liquida;0;102,736;0;46,368;0;Hora Completa Consistente;Consistido
SPASKCENTR101;01/12/2019;16;Liquida;0;94,896;0;47,92;0;Hora Completa Consistente;Consistido
SPASKCENTR101;01/12/2019;17;Liquida;0;92,208;0;44,72;0;Hora Completa Consistente;Consistido
SPASKCENTR101;01/12/2019;18;Liquida;0;92,224;0;45,824;0;Hora Completa Consistente;Consistido
SPASKCENTR101;01/12/2019;19;Liquida;0;98,464;0;47,072;0;Hora Completa Consistente;Consistido
SPASKCENTR101;01/12/2019;20;Liquida;0;87,728;0;40,304;0;Hora Completa Consistente;Consistido
SPASKCENTR101;01/12/2019;21;Liquida;0;82,256;0;36,784;0;Hora Completa Consistente;Consistido
SPASKCENTR101;01/12/2019;22;Liquida;0;73,328;0;33,376;0;Hora Completa Consistente;Consistido
SPASKCENTR101;01/12/2019;23;Liquida;0;58,64;0;30,304;0;Hora Completa Consistente;Consistido
SPASKCENTR101;01/12/2019;24;Liquida;0;59,088;0;30,224;0;Hora Completa Consistente;Consistido
SPASKCENTR101;02/12/2019;1;Liquida;0;57,04;0;28,704;0;Hora Completa Consistente;Consistido
SPASKCENTR101;02/12/2019;2;Liquida;0;56,8;0;28,944;0;Hora Completa Consistente;Consistido
SPASKCENTR101;02/12/2019;3;Liquida;0;54,88;0;28,224;0;Hora Completa Consistente;Consistido
SPASKCENTR101;02/12/2019;4;Liquida;0;57,952;0;29,072;0;Hora Completa Consistente;Consistido
SPASKCENTR101;02/12/2019;5;Liquida;0;53,232;0;27,28;0;Hora Completa Consistente;Consistido
SPASKCENTR101;02/12/2019;6;Liquida;0;71,904;0;30,96;0;Hora Completa Consistente;Consistido
SPASKCENTR101;02/12/2019;7;Liquida;0;83,968;0;35,44;0;Hora Completa Consistente;Consistido
SPASKCENTR101;02/12/2019;8;Liquida;0;88,88;0;43,392;0;Hora Completa Consistente;Consistido
SPASKCENTR101;02/12/2019;9;Liquida;0;94,896;0;43,68;0;Hora Completa Consistente;Consistido
SPASKCENTR101;02/12/2019;10;Liquida;0;97,44;0;45,728;0;Hora Completa Consistente;Consistido
SPASKCENTR101;02/12/2019;11;Liquida;0;90,192;0;41,632;0;Hora Completa Consistente;Consistido
SPASKCENTR101;02/12/2019;12;Liquida;0;95,328;0;43,472;0;Hora Completa Consistente;Consistido
SPASKCENTR101;02/12/2019;13;Liquida;0;92,368;0;38,848;0;Hora Completa Consistente;Consistido
SPASKCENTR101;02/12/2019;14;Liquida;0;89,328;0;41,552;0;Hora Completa Consistente;Consistido
SPASKCENTR101;02/12/2019;15;Liquida;0;88,704;0;43,392;0;Hora Completa Consistente;Consistido
SPASKCENTR101;02/12/2019;16;Liquida;0;90,528;0;46;0;Hora Completa Consistente;Consistido
SPASKCENTR101;02/12/2019;17;Liquida;0;89,632;0;44,544;0;Hora Completa Consistente;Consistido
SPASKCENTR101;02/12/2019;18;Liquida;0;84,704;0;42,304;0;Hora Completa Consistente;Consistido
SPASKCENTR101;02/12/2019;19;Liquida;0;91,392;0;42,4;0;Hora Completa Consistente;Consistido
SPASKCENTR101;02/12/2019;20;Liquida;0;86,16;0;41,456;0;Hora Completa Consistente;Consistido
SPASKCENTR101;02/12/2019;21;Liquida;0;80,48;0;38,384;0;Hora Completa Consistente;Consistido
SPASKCENTR101;02/12/2019;22;Liquida;0;86,208;0;38,992;0;Hora Completa Consistente;Consistido
SPASKCENTR101;02/12/2019;23;Liquida;0;77,36;0;31,744;0;Hora Completa Consistente;Consistido
SPASKCENTR101;02/12/2019;24;Liquida;0;62,832;0;28,64;0;Hora Completa Consistente;Consistido
SPASKCENTR101;03/12/2019;1;Liquida;0;62,832;0;30,096;0;Hora Completa Consistente;Consistido
SPASKCENTR101;03/12/2019;2;Liquida;0;59,632;0;29,504;0;Hora Completa Consistente;Consistido
SPASKCENTR101;03/12/2019;3;Liquida;0;59,52;0;28,4;0;Hora Completa Consistente;Consistido
SPASKCENTR101;03/12/2019;4;Liquida;0;57,184;0;28,176;0;Hora Completa Consistente;Consistido
SPASKCENTR101;03/12/2019;5;Liquida;0;64,656;0;27,952;0;Hora Completa Consistente;Consistido
SPASKCENTR101;03/12/2019;6;Liquida;0;69,568;0;29,984;0;Hora Completa Consistente;Consistido
SPASKCENTR101;03/12/2019;7;Liquida;0;84,256;0;33,088;0;Hora Completa Consistente;Consistido
SPASKCENTR101;03/12/2019;8;Liquida;0;88,496;0;39,568;0;Hora Completa Consistente;Consistido
SPASKCENTR101;03/12/2019;9;Liquida;0;96,112;0;44,832;0;Hora Completa Consistente;Consistido
SPASKCENTR101;03/12/2019;10;Liquida;0;91,968;0;42,656;0;Hora Completa Consistente;Consistido
SPASKCENTR101;03/12/2019;11;Liquida;0;93,584;0;41,152;0;Hora Completa Consistente;Consistido
SPASKCENTR101;03/12/2019;12;Liquida;0;89,216;0;41,552;0;Hora Completa Consistente;Consistido
SPASKCENTR101;03/12/2019;13;Liquida;0;95,472;0;46,72;0;Hora Completa Consistente;Consistido
SPASKCENTR101;03/12/2019;14;Liquida;0;90,624;0;41,952;0;Hora Completa Consistente;Consistido
SPASKCENTR101;03/12/2019;15;Liquida;0;90,496;0;43,232;0;Hora Completa Consistente;Consistido
SPASKCENTR101;03/12/2019;16;Liquida;0;92,544;0;42,32;0;Hora Completa Consistente;Consistido
SPASKCENTR101;03/12/2019;17;Liquida;0;88,656;0;42,368;0;Hora Completa Consistente;Consistido
SPASKCENTR101;03/12/2019;18;Liquida;0;86,464;0;42,56;0;Hora Completa Consistente;Consistido
SPASKCENTR101;03/12/2019;19;Liquida;0;85,808;0;42,128;0;Hora Completa Consistente;Consistido
SPASKCENTR101;03/12/2019;20;Liquida;0;89,168;0;41,36;0;Hora Completa Consistente;Consistido
SPASKCENTR101;03/12/2019;21;Liquida;0;86,32;0;42,24;0;Hora Completa Consistente;Consistido
SPASKCENTR101;03/12/2019;22;Liquida;0;89,984;0;40,144;0;Hora Completa Consistente;Consistido
SPASKCENTR101;03/12/2019;23;Liquida;0;74,608;0;33,056;0;Hora Completa Consistente;Consistido
SPASKCENTR101;03/12/2019;24;Liquida;0;65,904;0;31,328;0;Hora Completa Consistente;Consistido
SPASKCENTR101;04/12/2019;1;Liquida;0;57,024;0;28,608;0;Hora Completa Consistente;Consistido
SPASKCENTR101;04/12/2019;2;Liquida;0;61,392;0;30,112;0;Hora Completa Consistente;Consistido
SPASKCENTR101;04/12/2019;3;Liquida;0;54,72;0;28,48;0;Hora Completa Consistente;Consistido
SPASKCENTR101;04/12/2019;4;Liquida;0;59,136;0;27,472;0;Hora Completa Consistente;Consistido
SPASKCENTR101;04/12/2019;5;Liquida;0;55,424;0;27,616;0;Hora Completa Consistente;Consistido
SPASKCENTR101;04/12/2019;6;Liquida;0;76;0;31,52;0;Hora Completa Consistente;Consistido
SPASKCENTR101;04/12/2019;7;Liquida;0;86,384;0;37,952;0;Hora Completa Consistente;Consistido
SPASKCENTR101;04/12/2019;8;Liquida;0;96,16;0;43,04;0;Hora Completa Consistente;Consistido
SPASKCENTR101;04/12/2019;9;Liquida;0;91,936;0;43,888;0;Hora Completa Consistente;Consistido
SPASKCENTR101;04/12/2019;10;Liquida;0;104,224;0;47,616;0;Hora Completa Consistente;Consistido
SPASKCENTR101;04/12/2019;11;Liquida;0;101,632;0;47,616;0;Hora Completa Consistente;Consistido
SPASKCENTR101;04/12/2019;12;Liquida;0;99,936;0;42,112;0;Hora Completa Consistente;Consistido
SPASKCENTR101;04/12/2019;13;Liquida;0;102,464;0;43,792;0;Hora Completa Consistente;Consistido
SPASKCENTR101;04/12/2019;14;Liquida;0;106,096;0;47,168;0;Hora Completa Consistente;Consistido
SPASKCENTR101;04/12/2019;15;Liquida;0;96,768;0;44,016;0;Hora Completa Consistente;Consistido
SPASKCENTR101;04/12/2019;16;Liquida;0;100,928;0;46,592;0;Hora Completa Consistente;Consistido
SPASKCENTR101;04/12/2019;17;Liquida;0;98,24;0;45,856;0;Hora Completa Consistente;Consistido
SPASKCENTR101;04/12/2019;18;Liquida;0;100,512;0;46,16;0;Hora Completa Consistente;Consistido
SPASKCENTR101;04/12/2019;19;Liquida;0;94,112;0;44,704;0;Hora Completa Consistente;Consistido
SPASKCENTR101;04/12/2019;20;Liquida;0;96,016;0;44,816;0;Hora Completa Consistente;Consistido
SPASKCENTR101;04/12/2019;21;Liquida;0;94,576;0;43,136;0;Hora Completa Consistente;Consistido
SPASKCENTR101;04/12/2019;22;Liquida;0;93,44;0;44,592;0;Hora Completa Consistente;Consistido
SPASKCENTR101;04/12/2019;23;Liquida;0;81,088;0;34,448;0;Hora Completa Consistente;Consistido
SPASKCENTR101;04/12/2019;24;Liquida;0;71,632;0;33,488;0;Hora Completa Consistente;Consistido
SPASKCENTR101;05/12/2019;1;Liquida;0;65,68;0;32,512;0;Hora Completa Consistente;Consistido
SPASKCENTR101;05/12/2019;2;Liquida;0;65,168;0;31,808;0;Hora Completa Consistente;Consistido
SPASKCENTR101;05/12/2019;3;Liquida;0;64,896;0;32,768;0;Hora Completa Consistente;Consistido
SPASKCENTR101;05/12/2019;4;Liquida;0;62,864;0;30;0;Hora Completa Consistente;Consistido
SPASKCENTR101;05/12/2019;5;Liquida;0;60,096;0;29,568;0;Hora Completa Consistente;Consistido
SPASKCENTR101;05/12/2019;6;Liquida;0;75,184;0;33,504;0;Hora Completa Consistente;Consistido
SPASKCENTR101;05/12/2019;7;Liquida;0;86,304;0;37,568;0;Hora Completa Consistente;Consistido
SPASKCENTR101;05/12/2019;8;Liquida;0;95,456;0;42,016;0;Hora Completa Consistente;Consistido
SPASKCENTR101;05/12/2019;9;Liquida;0;81,328;0,08;36,544;0;Hora Completa Consistente;Consistido
SPASKCENTR101;05/12/2019;10;Liquida;0;65,024;0;32,896;0;Hora Completa Consistente;Consistido
SPASKCENTR101;05/12/2019;11;Liquida;0;97,28;0;44,832;0;Hora Completa Consistente;Consistido
SPASKCENTR101;05/12/2019;12;Liquida;0;96,496;0;42,336;0;Hora Completa Consistente;Consistido
SPASKCENTR101;05/12/2019;13;Liquida;0;91,12;0;41,2;0;Hora Completa Consistente;Consistido
SPASKCENTR101;05/12/2019;14;Liquida;0;115,584;0;52,272;0;Hora Completa Consistente;Consistido
SPASKCENTR101;05/12/2019;15;Liquida;0;107,616;0;49,44;0;Hora Completa Consistente;Consistido
SPASKCENTR101;05/12/2019;16;Liquida;0;110,384;0;51,648;0;Hora Completa Consistente;Consistido
SPASKCENTR101;05/12/2019;17;Liquida;0;98,096;0;45,632;0;Hora Completa Consistente;Consistido
SPASKCENTR101;05/12/2019;18;Liquida;0;101,92;0;47,344;0;Hora Completa Consistente;Consistido
SPASKCENTR101;05/12/2019;19;Liquida;0;99,088;0;47,456;0;Hora Completa Consistente;Consistido
SPASKCENTR101;05/12/2019;20;Liquida;0;98,496;0;44,304;0;Hora Completa Consistente;Consistido
SPASKCENTR101;05/12/2019;21;Liquida;0;93,808;0;44,384;0;Hora Completa Consistente;Consistido
SPASKCENTR101;05/12/2019;22;Liquida;0;99,12;0;47,616;0;Hora Completa Consistente;Consistido
SPASKCENTR101;05/12/2019;23;Liquida;0;83,984;0;36,672;0;Hora Completa Consistente;Consistido
SPASKCENTR101;05/12/2019;24;Liquida;0;76,976;0;35,44;0;Hora Completa Consistente;Consistido
SPASKCENTR101;06/12/2019;1;Liquida;0;71,728;0;33,024;0;Hora Completa Consistente;Consistido
SPASKCENTR101;06/12/2019;2;Liquida;0;68,656;0;32,848;0;Hora Completa Consistente;Consistido
SPASKCENTR101;06/12/2019;3;Liquida;0;66,304;0;32,736;0;Hora Completa Consistente;Consistido
SPASKCENTR101;06/12/2019;4;Liquida;0;68,192;0;33,936;0;Hora Completa Consistente;Consistido
SPASKCENTR101;06/12/2019;5;Liquida;0;73,712;0;32,176;0;Hora Completa Consistente;Consistido
SPASKCENTR101;06/12/2019;6;Liquida;0;78,096;0;32,944;0;Hora Completa Consistente;Consistido
SPASKCENTR101;06/12/2019;7;Liquida;0;90,64;0;39,568;0;Hora Completa Consistente;Consistido
SPASKCENTR101;06/12/2019;8;Liquida;0;92,992;0;43,904;0;Hora Completa Consistente;Consistido
SPASKCENTR101;06/12/2019;9;Liquida;0;96,912;0;43,856;0;Hora Completa Consistente;Consistido
SPASKCENTR101;06/12/2019;10;Liquida;0;95,6;0;45,104;0;Hora Completa Consistente;Consistido
SPASKCENTR101;06/12/2019;11;Liquida;0;97,376;0;46,368;0;Hora Completa Consistente;Consistido
SPASKCENTR101;06/12/2019;12;Liquida;0;98,752;0;45,808;0;Hora Completa Consistente;Consistido
SPASKCENTR101;06/12/2019;13;Liquida;0;102,816;0;46,112;0;Hora Completa Consistente;Consistido
SPASKCENTR101;06/12/2019;14;Liquida;0;96,368;0;42,256;0;Hora Completa Consistente;Consistido
SPASKCENTR101;06/12/2019;15;Liquida;0;102,288;0;47,872;0;Hora Completa Consistente;Consistido
SPASKCENTR101;06/12/2019;16;Liquida;0;99,616;0;46,272;0;Hora Completa Consistente;Consistido
SPASKCENTR101;06/12/2019;17;Liquida;0;93,776;0;45,36;0;Hora Completa Consistente;Consistido
SPASKCENTR101;06/12/2019;18;Liquida;0;92,864;0;46,048;0;Hora Completa Consistente;Consistido
SPASKCENTR101;06/12/2019;19;Liquida;0;97,936;0;46,896;0;Hora Completa Consistente;Consistido
SPASKCENTR101;06/12/2019;20;Liquida;0;87,232;0;41,216;0;Hora Completa Consistente;Consistido
SPASKCENTR101;06/12/2019;21;Liquida;0;88,592;0;42,192;0;Hora Completa Consistente;Consistido
SPASKCENTR101;06/12/2019;22;Liquida;0;92,08;0;43,76;0;Hora Completa Consistente;Consistido
SPASKCENTR101;06/12/2019;23;Liquida;0;81,36;0;36,608;0;Hora Completa Consistente;Consistido
SPASKCENTR101;06/12/2019;24;Liquida;0;66,944;0;31,904;0;Hora Completa Consistente;Consistido
SPASKCENTR101;07/12/2019;1;Liquida;0;64,992;0;30,08;0;Hora Completa Consistente;Consistido
SPASKCENTR101;07/12/2019;2;Liquida;0;66,288;0,048;31,552;0;Hora Completa Consistente;Consistido
SPASKCENTR101;07/12/2019;3;Liquida;0;60,608;0;28,928;0;Hora Completa Consistente;Consistido
SPASKCENTR101;07/12/2019;4;Liquida;0;63,648;0;29,984;0;Hora Completa Consistente;Consistido
SPASKCENTR101;07/12/2019;5;Liquida;0;56,56;0;26,56;0;Hora Completa Consistente;Consistido
SPASKCENTR101;07/12/2019;6;Liquida;0;79,632;0;33,536;0;Hora Completa Consistente;Consistido
SPASKCENTR101;07/12/2019;7;Liquida;0;88,096;0;41,104;0;Hora Completa Consistente;Consistido
SPASKCENTR101;07/12/2019;8;Liquida;0;91,472;0;42,848;0;Hora Completa Consistente;Consistido
SPASKCENTR101;07/12/2019;9;Liquida;0;92,864;0;44,432;0;Hora Completa Consistente;Consistido
SPASKCENTR101;07/12/2019;10;Liquida;0;103,888;0;47,168;0;Hora Completa Consistente;Consistido
SPASKCENTR101;07/12/2019;11;Liquida;0;96,8;0;44,288;0;Hora Completa Consistente;Consistido
SPASKCENTR101;07/12/2019;12;Liquida;0;100,352;0;47,168;0;Hora Completa Consistente;Consistido
SPASKCENTR101;07/12/2019;13;Liquida;0;101,344;0;47,728;0;Hora Completa Consistente;Consistido
SPASKCENTR101;07/12/2019;14;Liquida;0;107,728;0;48,768;0;Hora Completa Consistente;Consistido
SPASKCENTR101;07/12/2019;15;Liquida;0;101,696;0;48,272;0;Hora Completa Consistente;Consistido
SPASKCENTR101;07/12/2019;16;Liquida;0;103,696;0;49,36;0;Hora Completa Consistente;Consistido
SPASKCENTR101;07/12/2019;17;Liquida;0;94,544;0;46,72;0;Hora Completa Consistente;Consistido
SPASKCENTR101;07/12/2019;18;Liquida;0;99,616;0;47,216;0;Hora Completa Consistente;Consistido
SPASKCENTR101;07/12/2019;19;Liquida;0;99,536;0;47,312;0;Hora Completa Consistente;Consistido
SPASKCENTR101;07/12/2019;20;Liquida;0;93,056;0;45,04;0;Hora Completa Consistente;Consistido
SPASKCENTR101;07/12/2019;21;Liquida;0;88,416;0;42,16;0;Hora Completa Consistente;Consistido
SPASKCENTR101;07/12/2019;22;Liquida;0;91,968;0;41,424;0;Hora Completa Consistente;Consistido
SPASKCENTR101;07/12/2019;23;Liquida;0;77,584;0;34,224;0;Hora Completa Consistente;Consistido
SPASKCENTR101;07/12/2019;24;Liquida;0;61,712;0;30,208;0;Hora Completa Consistente;Consistido
SPASKCENTR101;08/12/2019;1;Liquida;0;62,352;0;30,784;0;Hora Completa Consistente;Consistido
SPASKCENTR101;08/12/2019;2;Liquida;0;59,184;0;28,96;0;Hora Completa Consistente;Consistido
SPASKCENTR101;08/12/2019;3;Liquida;0;57,328;0;28,208;0;Hora Completa Consistente;Consistido
SPASKCENTR101;08/12/2019;4;Liquida;0;57,84;0;28,592;0;Hora Completa Consistente;Consistido
SPASKCENTR101;08/12/2019;5;Liquida;0;55,952;0;27,584;0;Hora Completa Consistente;Consistido
SPASKCENTR101;08/12/2019;6;Liquida;0;71,552;0;30,912;0;Hora Completa Consistente;Consistido
SPASKCENTR101;08/12/2019;7;Liquida;0;93,12;0;41,952;0;Hora Completa Consistente;Consistido
SPASKCENTR101;08/12/2019;8;Liquida;0;89,68;0;43,392;0;Hora Completa Consistente;Consistido
SPASKCENTR101;08/12/2019;9;Liquida;0;95,008;0;43,776;0;Hora Completa Consistente;Consistido
SPASKCENTR101;08/12/2019;10;Liquida;0;92,656;0;42,912;0;Hora Completa Consistente;Consistido
SPASKCENTR101;08/12/2019;11;Liquida;0;95,616;0;45,856;0;Hora Completa Consistente;Consistido
SPASKCENTR101;08/12/2019;12;Liquida;0;94,416;0;45,056;0;Hora Completa Consistente;Consistido
SPASKCENTR101;08/12/2019;13;Liquida;0;103,424;0;47,856;0;Hora Completa Consistente;Consistido
SPASKCENTR101;08/12/2019;14;Liquida;0;99,104;0;43,824;0;Hora Completa Consistente;Consistido
SPASKCENTR101;08/12/2019;15;Liquida;0;101,904;0;45,808;0;Hora Completa Consistente;Consistido
SPASKCENTR101;08/12/2019;16;Liquida;0;98,784;0;44,128;0;Hora Completa Consistente;Consistido
SPASKCENTR101;08/12/2019;17;Liquida;0;94,544;0;40,88;0;Hora Completa Consistente;Consistido
SPASKCENTR101;08/12/2019;18;Liquida;0;89,872;0;42,176;0;Hora Completa Consistente;Consistido
SPASKCENTR101;08/12/2019;19;Liquida;0;85,552;0;40,816;0;Hora Completa Consistente;Consistido
SPASKCENTR101;08/12/2019;20;Liquida;0;81,552;0;36,816;0;Hora Completa Consistente;Consistido
SPASKCENTR101;08/12/2019;21;Liquida;0;69,024;0;29,536;0;Hora Completa Consistente;Consistido
SPASKCENTR101;08/12/2019;22;Liquida;0;78,016;0;33,184;0;Hora Completa Consistente;Consistido
SPASKCENTR101;08/12/2019;23;Liquida;0;68,864;0;32,384;0;Hora Completa Consistente;Consistido
SPASKCENTR101;08/12/2019;24;Liquida;0;66,272;0;32;0;Hora Completa Consistente;Consistido
SPASKCENTR101;09/12/2019;1;Liquida;0;62,064;0;29,952;0;Hora Completa Consistente;Consistido
SPASKCENTR101;09/12/2019;2;Liquida;0;62,496;0;27,936;0;Hora Completa Consistente;Consistido
SPASKCENTR101;09/12/2019;3;Liquida;0;60,624;0;27,664;0;Hora Completa Consistente;Consistido
SPASKCENTR101;09/12/2019;4;Liquida;0;58,864;0;28,464;0;Hora Completa Consistente;Consistido
SPASKCENTR101;09/12/2019;5;Liquida;0;69,728;0;30,16;0;Hora Completa Consistente;Consistido
SPASKCENTR101;09/12/2019;6;Liquida;0;78,256;0;32,928;0;Hora Completa Consistente;Consistido
SPASKCENTR101;09/12/2019;7;Liquida;0;93,424;0;40,864;0;Hora Completa Consistente;Consistido
SPASKCENTR101;09/12/2019;8;Liquida;0;89,456;0;41,296;0;Hora Completa Consistente;Consistido
SPASKCENTR101;09/12/2019;9;Liquida;0;95,232;0;43,616;0;Hora Completa Consistente;Consistido
SPASKCENTR101;09/12/2019;10;Liquida;0;95,088;0;44,016;0;Hora Completa Consistente;Consistido
SPASKCENTR101;09/12/2019;11;Liquida;0;105,152;0;44,432;0;Hora Completa Consistente;Consistido
SPASKCENTR101;09/12/2019;12;Liquida;0;99,968;0;44,928;0;Hora Completa Consistente;Consistido
SPASKCENTR101;09/12/2019;13;Liquida;0;104,432;0;48,176;0;Hora Completa Consistente;Consistido
SPASKCENTR101;09/12/2019;14;Liquida;0;107,824;0;48,56;0;Hora Completa Consistente;Consistido
SPASKCENTR101;09/12/2019;15;Liquida;0;102,832;0;46,576;0;Hora Completa Consistente;Consistido
SPASKCENTR101;09/12/2019;16;Liquida;0;96,944;0;47,056;0;Hora Completa Consistente;Consistido
SPASKCENTR101;09/12/2019;17;Liquida;0;96,8;0;47,088;0;Hora Completa Consistente;Consistido
SPASKCENTR101;09/12/2019;18;Liquida;0;90,336;0;43,328;0;Hora Completa Consistente;Consistido
SPASKCENTR101;09/12/2019;19;Liquida;0;90,32;0;42,368;0;Hora Completa Consistente;Consistido
SPASKCENTR101;09/12/2019;20;Liquida;0;92,16;0;43,536;0;Hora Completa Consistente;Consistido
SPASKCENTR101;09/12/2019;21;Liquida;0;88,08;0;43,28;0;Hora Completa Consistente;Consistido
SPASKCENTR101;09/12/2019;22;Liquida;0;89,216;0;39,984;0;Hora Completa Consistente;Consistido
SPASKCENTR101;09/12/2019;23;Liquida;0;87,44;0;36,176;0;Hora Completa Consistente;Consistido
SPASKCENTR101;09/12/2019;24;Liquida;0;77,376;0;32,08;0;Hora Completa Consistente;Consistido
SPASKCENTR101;10/12/2019;1;Liquida;0;70,928;0;29,68;0;Hora Completa Consistente;Consistido
SPASKCENTR101;10/12/2019;2;Liquida;0;82,016;0;35,28;0;Hora Completa Consistente;Consistido
SPASKCENTR101;10/12/2019;3;Liquida;0;78,544;0;32,4;0;Hora Completa Consistente;Consistido
SPASKCENTR101;10/12/2019;4;Liquida;0;74,272;0;31,152;0;Hora Completa Consistente;Consistido
SPASKCENTR101;10/12/2019;5;Liquida;0;77,808;0;31,808;0;Hora Completa Consistente;Consistido
SPASKCENTR101;10/12/2019;6;Liquida;0;84,752;0;34,176;0;Hora Completa Consistente;Consistido
SPASKCENTR101;10/12/2019;7;Liquida;0;92,496;0;42,848;0;Hora Completa Consistente;Consistido
SPASKCENTR101;10/12/2019;8;Liquida;0;102,768;0;47,136;0;Hora Completa Consistente;Consistido
SPASKCENTR101;10/12/2019;9;Liquida;0;94,192;0;42,048;0;Hora Completa Consistente;Consistido
SPASKCENTR101;10/12/2019;10;Liquida;0;98,368;0;45,152;0;Hora Completa Consistente;Consistido
SPASKCENTR101;10/12/2019;11;Liquida;0;105,824;0;50,288;0;Hora Completa Consistente;Consistido
SPASKCENTR101;10/12/2019;12;Liquida;0;104,096;0;49,28;0;Hora Completa Consistente;Consistido
SPASKCENTR101;10/12/2019;13;Liquida;0;95,616;0;44,928;0;Hora Completa Consistente;Consistido
SPASKCENTR101;10/12/2019;14;Liquida;0;103,248;0;47,312;0;Hora Completa Consistente;Consistido
SPASKCENTR101;10/12/2019;15;Liquida;0;103,216;0;48,288;0;Hora Completa Consistente;Consistido
SPASKCENTR101;10/12/2019;16;Liquida;0;97,68;0;46,592;0;Hora Completa Consistente;Consistido
SPASKCENTR101;10/12/2019;17;Liquida;0;96,416;0;45,968;0;Hora Completa Consistente;Consistido
SPASKCENTR101;10/12/2019;18;Liquida;0;91,52;0;43,52;0;Hora Completa Consistente;Consistido
SPASKCENTR101;10/12/2019;19;Liquida;0;90,544;0;41,744;0;Hora Completa Consistente;Consistido
SPASKCENTR101;10/12/2019;20;Liquida;0;89,36;0;42,688;0;Hora Completa Consistente;Consistido
SPASKCENTR101;10/12/2019;21;Liquida;0;90,16;0;42,976;0;Hora Completa Consistente;Consistido
SPASKCENTR101;10/12/2019;22;Liquida;0;86,384;0;40,416;0;Hora Completa Consistente;Consistido
SPASKCENTR101;10/12/2019;23;Liquida;0;81,36;0;35,264;0;Hora Completa Consistente;Consistido
SPASKCENTR101;10/12/2019;24;Liquida;0;66,832;0;32,352;0;Hora Completa Consistente;Consistido
SPASKCENTR101;11/12/2019;1;Liquida;0;63,888;0;31,296;0;Hora Completa Consistente;Consistido
SPASKCENTR101;11/12/2019;2;Liquida;0;60,928;0;30,56;0;Hora Completa Consistente;Consistido
SPASKCENTR101;11/12/2019;3;Liquida;0;66,576;0;31,728;0;Hora Completa Consistente;Consistido
SPASKCENTR101;11/12/2019;4;Liquida;0;59,856;0;28,512;0;Hora Completa Consistente;Consistido
SPASKCENTR101;11/12/2019;5;Liquida;0;62,576;0;30,384;0;Hora Completa Consistente;Consistido
SPASKCENTR101;11/12/2019;6;Liquida;0;74,56;0;34,896;0;Hora Completa Consistente;Consistido
SPASKCENTR101;11/12/2019;7;Liquida;0;97,728;0;46,56;0;Hora Completa Consistente;Consistido
SPASKCENTR101;11/12/2019;8;Liquida;0;98,08;0;45,264;0;Hora Completa Consistente;Consistido
SPASKCENTR101;11/12/2019;9;Liquida;0;98,416;0;45,344;0;Hora Completa Consistente;Consistido
SPASKCENTR101;11/12/2019;10;Liquida;0;95,84;0;46,4;0;Hora Completa Consistente;Consistido
SPASKCENTR101;11/12/2019;11;Liquida;0;93,44;0;43,056;0;Hora Completa Consistente;Consistido
SPASKCENTR101;11/12/2019;12;Liquida;0;100,608;0;45,344;0;Hora Completa Consistente;Consistido
SPASKCENTR101;11/12/2019;13;Liquida;0;95,2;0;44,176;0;Hora Completa Consistente;Consistido
SPASKCENTR101;11/12/2019;14;Liquida;0;101,648;0;46,928;0;Hora Completa Consistente;Consistido
SPASKCENTR101;11/12/2019;15;Liquida;0;99,376;0;47,184;0;Hora Completa Consistente;Consistido
SPASKCENTR101;11/12/2019;16;Liquida;0;97,888;0;46,448;0;Hora Completa Consistente;Consistido
SPASKCENTR101;11/12/2019;17;Liquida;0;94,464;0;45,2;0;Hora Completa Consistente;Consistido
SPASKCENTR101;11/12/2019;18;Liquida;0;96,464;0;47,232;0;Hora Completa Consistente;Consistido
SPASKCENTR101;11/12/2019;19;Liquida;0;86,256;0;41,552;0;Hora Completa Consistente;Consistido
SPASKCENTR101;11/12/2019;20;Liquida;0;90,56;0;43,536;0;Hora Completa Consistente;Consistido
SPASKCENTR101;11/12/2019;21;Liquida;0;84,144;0;40,784;0;Hora Completa Consistente;Consistido
SPASKCENTR101;11/12/2019;22;Liquida;0;86,736;0;42,016;0;Hora Completa Consistente;Consistido
SPASKCENTR101;11/12/2019;23;Liquida;0;77,92;0;35,04;0;Hora Completa Consistente;Consistido
SPASKCENTR101;11/12/2019;24;Liquida;0;66,896;0;30,144;0;Hora Completa Consistente;Consistido
SPASKCENTR101;12/12/2019;1;Liquida;0;60,544;0;29,376;0;Hora Completa Consistente;Consistido
SPASKCENTR101;12/12/2019;2;Liquida;0;62,928;0;29,568;0;Hora Completa Consistente;Consistido
SPASKCENTR101;12/12/2019;3;Liquida;0;61,152;0;29,28;0;Hora Completa Consistente;Consistido
SPASKCENTR101;12/12/2019;4;Liquida;0;64,88;0;29,536;0;Hora Completa Consistente;Consistido
SPASKCENTR101;12/12/2019;5;Liquida;0;66,112;0;28,992;0;Hora Completa Consistente;Consistido
SPASKCENTR101;12/12/2019;6;Liquida;0;79,408;0;35,776;0;Hora Completa Consistente;Consistido
SPASKCENTR101;12/12/2019;7;Liquida;0;86,8;0;41,344;0;Hora Completa Consistente;Consistido
SPASKCENTR101;12/12/2019;8;Liquida;0;92,368;0;44,176;0;Hora Completa Consistente;Consistido
SPASKCENTR101;12/12/2019;9;Liquida;0;89,808;0;42,256;0;Hora Completa Consistente;Consistido
SPASKCENTR101;12/12/2019;10;Liquida;0;99,296;0;47,776;0;Hora Completa Consistente;Consistido
SPASKCENTR101;12/12/2019;11;Liquida;0;105,776;0;50;0;Hora Completa Consistente;Consistido
SPASKCENTR101;12/12/2019;12;Liquida;0;90,816;0;44,24;0;Hora Completa Consistente;Consistido
SPASKCENTR101;12/12/2019;13;Liquida;0;105,376;0;48,992;0;Hora Completa Consistente;Consistido
SPASKCENTR101;12/12/2019;14;Liquida;0;103,312;0;46,304;0;Hora Completa Consistente;Consistido
SPASKCENTR101;12/12/2019;15;Liquida;0;108,128;0;51,776;0;Hora Completa Consistente;Consistido
SPASKCENTR101;12/12/2019;16;Liquida;0;105,696;0;51,696;0;Hora Completa Consistente;Consistido
SPASKCENTR101;12/12/2019;17;Liquida;0;100,352;0;49,216;0;Hora Completa Consistente;Consistido
SPASKCENTR101;12/12/2019;18;Liquida;0;91,264;0;44,944;0;Hora Completa Consistente;Consistido
SPASKCENTR101;12/12/2019;19;Liquida;0;97,056;0;47,664;0;Hora Completa Consistente;Consistido
SPASKCENTR101;12/12/2019;20;Liquida;0;95,696;0;45,808;0;Hora Completa Consistente;Consistido
SPASKCENTR101;12/12/2019;21;Liquida;0;88,544;0;43,44;0;Hora Completa Consistente;Consistido
SPASKCENTR101;12/12/2019;22;Liquida;0;96,8;0;46,096;0;Hora Completa Consistente;Consistido
SPASKCENTR101;12/12/2019;23;Liquida;0;85,28;0;38,272;0;Hora Completa Consistente;Consistido
SPASKCENTR101;12/12/2019;24;Liquida;0;70,816;0;32,816;0;Hora Completa Consistente;Consistido
SPASKCENTR101;13/12/2019;1;Liquida;0;67,088;0;34,352;0;Hora Completa Consistente;Consistido
SPASKCENTR101;13/12/2019;2;Liquida;0;66,672;0;32,224;0;Hora Completa Consistente;Consistido
SPASKCENTR101;13/12/2019;3;Liquida;0;61,92;0;31,552;0;Hora Completa Consistente;Consistido
SPASKCENTR101;13/12/2019;4;Liquida;0;66,112;0;33,072;0;Hora Completa Consistente;Consistido
SPASKCENTR101;13/12/2019;5;Liquida;0;66,912;0;31,728;0;Hora Completa Consistente;Consistido
SPASKCENTR101;13/12/2019;6;Liquida;0;82,832;0;36,72;0;Hora Completa Consistente;Consistido
SPASKCENTR101;13/12/2019;7;Liquida;0;94,272;0;45,296;0;Hora Completa Consistente;Consistido
SPASKCENTR101;13/12/2019;8;Liquida;0;103,488;0;47,136;0;Hora Completa Consistente;Consistido
SPASKCENTR101;13/12/2019;9;Liquida;0;99,616;0;44,992;0;Hora Completa Consistente;Consistido
SPASKCENTR101;13/12/2019;10;Liquida;0;105,92;0;47,472;0;Hora Completa Consistente;Consistido
SPASKCENTR101;13/12/2019;11;Liquida;0;105,952;0;49,248;0;Hora Completa Consistente;Consistido
SPASKCENTR101;13/12/2019;12;Liquida;0;106,352;0;49,36;0;Hora Completa Consistente;Consistido
SPASKCENTR101;13/12/2019;13;Liquida;0;100,752;0;47,936;0;Hora Completa Consistente;Consistido
SPASKCENTR101;13/12/2019;14;Liquida;0;102,8;0;47,376;0;Hora Completa Consistente;Consistido
SPASKCENTR101;13/12/2019;15;Liquida;0;101,456;0;48,224;0;Hora Completa Consistente;Consistido
SPASKCENTR101;13/12/2019;16;Liquida;0;103,984;0;50,384;0;Hora Completa Consistente;Consistido
SPASKCENTR101;13/12/2019;17;Liquida;0;100,816;0;48,384;0;Hora Completa Consistente;Consistido
SPASKCENTR101;13/12/2019;18;Liquida;0;99,392;0;42,944;0;Hora Completa Consistente;Consistido
SPASKCENTR101;13/12/2019;19;Liquida;0;100,336;0;43,184;0;Hora Completa Consistente;Consistido
SPASKCENTR101;13/12/2019;20;Liquida;0;98,064;0;42,4;0;Hora Completa Consistente;Consistido
SPASKCENTR101;13/12/2019;21;Liquida;0;92,672;0;40,032;0;Hora Completa Consistente;Consistido
SPASKCENTR101;13/12/2019;22;Liquida;0;95,2;0;40,368;0;Hora Completa Consistente;Consistido
SPASKCENTR101;13/12/2019;23;Liquida;0;86,4;0;36,016;0;Hora Completa Consistente;Consistido
SPASKCENTR101;13/12/2019;24;Liquida;0;74,56;0;30,176;0;Hora Completa Consistente;Consistido
SPASKCENTR101;14/12/2019;1;Liquida;0;69,248;0;27,488;0;Hora Completa Consistente;Consistido
SPASKCENTR101;14/12/2019;2;Liquida;0;70,112;0;30,384;0;Hora Completa Consistente;Consistido
SPASKCENTR101;14/12/2019;3;Liquida;0;69,552;0;27,328;0;Hora Completa Consistente;Consistido
SPASKCENTR101;14/12/2019;4;Liquida;0;64,848;0;24,992;0;Hora Completa Consistente;Consistido
SPASKCENTR101;14/12/2019;5;Liquida;0;70,832;0;29,616;0;Hora Completa Consistente;Consistido
SPASKCENTR101;14/12/2019;6;Liquida;0;85,552;0;37,968;0;Hora Completa Consistente;Consistido
SPASKCENTR101;14/12/2019;7;Liquida;0;98,88;0;42,416;0;Hora Completa Consistente;Consistido
SPASKCENTR101;14/12/2019;8;Liquida;0;104,112;0;44,976;0;Hora Completa Consistente;Consistido
SPASKCENTR101;14/12/2019;9;Liquida;0;99,6;0;43,328;0;Hora Completa Consistente;Consistido
SPASKCENTR101;14/12/2019;10;Liquida;0;106,416;0;46,64;0;Hora Completa Consistente;Consistido
SPASKCENTR101;14/12/2019;11;Liquida;0;105,296;0;46,224;0;Hora Completa Consistente;Consistido
SPASKCENTR101;14/12/2019;12;Liquida;0;106,656;0;46,192;0;Hora Completa Consistente;Consistido
SPASKCENTR101;14/12/2019;13;Liquida;0;108,448;0;46,832;0;Hora Completa Consistente;Consistido
SPASKCENTR101;14/12/2019;14;Liquida;0;109,28;0;47,008;0;Hora Completa Consistente;Consistido
SPASKCENTR101;14/12/2019;15;Liquida;0;106,768;0;48,368;0;Hora Completa Consistente;Consistido
SPASKCENTR101;14/12/2019;16;Liquida;0;108,784;0;48,032;0;Hora Completa Consistente;Consistido
SPASKCENTR101;14/12/2019;17;Liquida;0;100,304;0;43,744;0;Hora Completa Consistente;Consistido
SPASKCENTR101;14/12/2019;18;Liquida;0;100,464;0;44,112;0;Hora Completa Consistente;Consistido
SPASKCENTR101;14/12/2019;19;Liquida;0;99,936;0;42,752;0;Hora Completa Consistente;Consistido
SPASKCENTR101;14/12/2019;20;Liquida;0;104,864;0;45,232;0;Hora Completa Consistente;Consistido
SPASKCENTR101;14/12/2019;21;Liquida;0;97,552;0;42,96;0;Hora Completa Consistente;Consistido
SPASKCENTR101;14/12/2019;22;Liquida;0;103,808;0;46,32;0;Hora Completa Consistente;Consistido
SPASKCENTR101;14/12/2019;23;Liquida;0;87,808;0;35,968;0;Hora Completa Consistente;Consistido
SPASKCENTR101;14/12/2019;24;Liquida;0;70,592;0;28,16;0;Hora Completa Consistente;Consistido
SPASKCENTR101;15/12/2019;1;Liquida;0;70,816;0;27,744;0;Hora Completa Consistente;Consistido
SPASKCENTR101;15/12/2019;2;Liquida;0;71,504;0;30,464;0;Hora Completa Consistente;Consistido
SPASKCENTR101;15/12/2019;3;Liquida;0;69,136;0;28,192;0;Hora Completa Consistente;Consistido
SPASKCENTR101;15/12/2019;4;Liquida;0;69,296;0;26,896;0;Hora Completa Consistente;Consistido
SPASKCENTR101;15/12/2019;5;Liquida;0;66;0;24,16;0;Hora Completa Consistente;Consistido
SPASKCENTR101;15/12/2019;6;Liquida;0;88,064;0;37,088;0;Hora Completa Consistente;Consistido
SPASKCENTR101;15/12/2019;7;Liquida;0;104,4;0;43,808;0;Hora Completa Consistente;Consistido
SPASKCENTR101;15/12/2019;8;Liquida;0;102,64;0;41,824;0;Hora Completa Consistente;Consistido
SPASKCENTR101;15/12/2019;9;Liquida;0;105,552;0;43,424;0;Hora Completa Consistente;Consistido
SPASKCENTR101;15/12/2019;10;Liquida;0;113,136;0;46,8;0;Hora Completa Consistente;Consistido
SPASKCENTR101;15/12/2019;11;Liquida;0;109,408;0;47,2;0;Hora Completa Consistente;Consistido
SPASKCENTR101;15/12/2019;12;Liquida;0;106,288;0;46,592;0;Hora Completa Consistente;Consistido
SPASKCENTR101;15/12/2019;13;Liquida;0;110,384;0;49,536;0;Hora Completa Consistente;Consistido
SPASKCENTR101;15/12/2019;14;Liquida;0;113,28;0;48,896;0;Hora Completa Consistente;Consistido
SPASKCENTR101;15/12/2019;15;Liquida;0;110,016;0;48,576;0;Hora Completa Consistente;Consistido
SPASKCENTR101;15/12/2019;16;Liquida;0;106,304;0;45,872;0;Hora Completa Consistente;Consistido
SPASKCENTR101;15/12/2019;17;Liquida;0;106,128;0;47,248;0;Hora Completa Consistente;Consistido
SPASKCENTR101;15/12/2019;18;Liquida;0;106,08;0;46,72;0;Hora Completa Consistente;Consistido
SPASKCENTR101;15/12/2019;19;Liquida;0;104,864;0;45,792;0;Hora Completa Consistente;Consistido
SPASKCENTR101;15/12/2019;20;Liquida;0;100,512;0;43,616;0;Hora Completa Consistente;Consistido
SPASKCENTR101;15/12/2019;21;Liquida;0;90,4;0;38,704;0;Hora Completa Consistente;Consistido
SPASKCENTR101;15/12/2019;22;Liquida;0;73,968;0;32,512;0;Hora Completa Consistente;Consistido
SPASKCENTR101;15/12/2019;23;Liquida;0;73,52;0;28,912;0;Hora Completa Consistente;Consistido
SPASKCENTR101;15/12/2019;24;Liquida;0;73,92;0;29,136;0;Hora Completa Consistente;Consistido
SPASKCENTR101;16/12/2019;1;Liquida;0;65,936;0;27,232;0;Hora Completa Consistente;Consistido
SPASKCENTR101;16/12/2019;2;Liquida;0;70,16;0;30,848;0;Hora Completa Consistente;Consistido
SPASKCENTR101;16/12/2019;3;Liquida;0;67,104;0;27,2;0;Hora Completa Consistente;Consistido
SPASKCENTR101;16/12/2019;4;Liquida;0;68,272;0;26,224;0;Hora Completa Consistente;Consistido
SPASKCENTR101;16/12/2019;5;Liquida;0;65,952;0;25,776;0;Hora Completa Consistente;Consistido
SPASKCENTR101;16/12/2019;6;Liquida;0;86,288;0;37,504;0;Hora Completa Consistente;Consistido
SPASKCENTR101;16/12/2019;7;Liquida;0;96,608;0;40,032;0;Hora Completa Consistente;Consistido
SPASKCENTR101;16/12/2019;8;Liquida;0;102,912;0;42,72;0;Hora Completa Consistente;Consistido
SPASKCENTR101;16/12/2019;9;Liquida;0;104,848;0;43,696;0;Hora Completa Consistente;Consistido
SPASKCENTR101;16/12/2019;10;Liquida;0;111,824;0;47,616;0;Hora Completa Consistente;Consistido
SPASKCENTR101;16/12/2019;11;Liquida;0;110,496;0;45,408;0;Hora Completa Consistente;Consistido
SPASKCENTR101;16/12/2019;12;Liquida;0;116,096;0;49,376;0;Hora Completa Consistente;Consistido
SPASKCENTR101;16/12/2019;13;Liquida;0;108,688;0;45,44;0;Hora Completa Consistente;Consistido
SPASKCENTR101;16/12/2019;14;Liquida;0;116;0;48,448;0;Hora Completa Consistente;Consistido
SPASKCENTR101;16/12/2019;15;Liquida;0;111,872;0;47,952;0;Hora Completa Consistente;Consistido
SPASKCENTR101;16/12/2019;16;Liquida;0;114,784;0;49,376;0;Hora Completa Consistente;Consistido
SPASKCENTR101;16/12/2019;17;Liquida;0;107,728;0;46,416;0;Hora Completa Consistente;Consistido
SPASKCENTR101;16/12/2019;18;Liquida;0;109,328;0;46,976;0;Hora Completa Consistente;Consistido
SPASKCENTR101;16/12/2019;19;Liquida;0;100,912;0;44,528;0;Hora Completa Consistente;Consistido
SPASKCENTR101;16/12/2019;20;Liquida;0;107,984;0;46,944;0;Hora Completa Consistente;Consistido
SPASKCENTR101;16/12/2019;21;Liquida;0;102,432;0;44,064;0;Hora Completa Consistente;Consistido
SPASKCENTR101;16/12/2019;22;Liquida;0;99,968;0;43,888;0;Hora Completa Consistente;Consistido
SPASKCENTR101;16/12/2019;23;Liquida;0;97,456;0;39,712;0;Hora Completa Consistente;Consistido
SPASKCENTR101;16/12/2019;24;Liquida;0;86,32;0;35,824;0;Hora Completa Consistente;Consistido
SPASKCENTR101;17/12/2019;1;Liquida;0;78,928;0;31,792;0;Hora Completa Consistente;Consistido
SPASKCENTR101;17/12/2019;2;Liquida;0;77,6;0;35,904;0;Hora Completa Consistente;Consistido
SPASKCENTR101;17/12/2019;3;Liquida;0;76,064;0;34,304;0;Hora Completa Consistente;Consistido
SPASKCENTR101;17/12/2019;4;Liquida;0;73,504;0;28,112;0;Hora Completa Consistente;Consistido
SPASKCENTR101;17/12/2019;5;Liquida;0;77,36;0;29,216;0;Hora Completa Consistente;Consistido
SPASKCENTR101;17/12/2019;6;Liquida;0;88,144;0;37,792;0;Hora Completa Consistente;Consistido
SPASKCENTR101;17/12/2019;7;Liquida;0;95,376;0;38,72;0;Hora Completa Consistente;Consistido
SPASKCENTR101;17/12/2019;8;Liquida;0;100,672;0;41,664;0;Hora Completa Consistente;Consistido
SPASKCENTR101;17/12/2019;9;Liquida;0;113,776;0;48,368;0;Hora Completa Consistente;Consistido
SPASKCENTR101;17/12/2019;10;Liquida;0;108,272;0;47,104;0;Hora Completa Consistente;Consistido
SPASKCENTR101;17/12/2019;11;Liquida;0;115,264;0;50,096;0;Hora Completa Consistente;Consistido
SPASKCENTR101;17/12/2019;12;Liquida;0;110,768;0;46,96;0;Hora Completa Consistente;Consistido
SPASKCENTR101;17/12/2019;13;Liquida;0;110,736;0;46,128;0;Hora Completa Consistente;Consistido
SPASKCENTR101;17/12/2019;14;Liquida;0;106,192;0;44,592;0;Hora Completa Consistente;Consistido
SPASKCENTR101;17/12/2019;15;Liquida;0;114,128;0;49,36;0;Hora Completa Consistente;Consistido
SPASKCENTR101;17/12/2019;16;Liquida;0;111,264;0;48,368;0;Hora Completa Consistente;Consistido
SPASKCENTR101;17/12/2019;17;Liquida;0;109,2;0;45,408;0;Hora Completa Consistente;Consistido
SPASKCENTR101;17/12/2019;18;Liquida;0;104,144;0;44,4;0;Hora Completa Consistente;Consistido
SPASKCENTR101;17/12/2019;19;Liquida;0;100,56;0;43,216;0;Hora Completa Consistente;Consistido
SPASKCENTR101;17/12/2019;20;Liquida;0;104,384;0;44,976;0;Hora Completa Consistente;Consistido
SPASKCENTR101;17/12/2019;21;Liquida;0;99,536;0;41,344;0;Hora Completa Consistente;Consistido
SPASKCENTR101;17/12/2019;22;Liquida;0;96,912;0;41,632;0;Hora Completa Consistente;Consistido
SPASKCENTR101;17/12/2019;23;Liquida;0;86,144;0;35,152;0;Hora Completa Consistente;Consistido
SPASKCENTR101;17/12/2019;24;Liquida;0;72,816;0;28,608;0;Hora Completa Consistente;Consistido
SPASKCENTR101;18/12/2019;1;Liquida;0;69,408;0;27,44;0;Hora Completa Consistente;Consistido
SPASKCENTR101;18/12/2019;2;Liquida;0;74,816;0;30,352;0;Hora Completa Consistente;Consistido
SPASKCENTR101;18/12/2019;3;Liquida;0;71,616;0;29,36;0;Hora Completa Consistente;Consistido
SPASKCENTR101;18/12/2019;4;Liquida;0;70,416;0;28,08;0;Hora Completa Consistente;Consistido
SPASKCENTR101;18/12/2019;5;Liquida;0;68,832;0;25,344;0;Hora Completa Consistente;Consistido
SPASKCENTR101;18/12/2019;6;Liquida;0;84,08;0;35,344;0;Hora Completa Consistente;Consistido
SPASKCENTR101;18/12/2019;7;Liquida;0;90,816;0;39,216;0;Hora Completa Consistente;Consistido
SPASKCENTR101;18/12/2019;8;Liquida;0;97,36;0;41,52;0;Hora Completa Consistente;Consistido
SPASKCENTR101;18/12/2019;9;Liquida;0;103,744;0;42,368;0;Hora Completa Consistente;Consistido
SPASKCENTR101;18/12/2019;10;Liquida;0;99,056;0;41,36;0;Hora Completa Consistente;Consistido
SPASKCENTR101;18/12/2019;11;Liquida;0;96,576;0;40,816;0;Hora Completa Consistente;Consistido
SPASKCENTR101;18/12/2019;12;Liquida;0;95,232;0;39,696;0;Hora Completa Consistente;Consistido
SPASKCENTR101;18/12/2019;13;Liquida;0;104,576;0;45,328;0;Hora Completa Consistente;Consistido
SPASKCENTR101;18/12/2019;14;Liquida;0;87,584;0;38,656;0;Hora Completa Consistente;Consistido
SPASKCENTR101;18/12/2019;15;Liquida;0;103,136;0;45,44;0;Hora Completa Consistente;Consistido
SPASKCENTR101;18/12/2019;16;Liquida;0;104,752;0;44,672;0;Hora Completa Consistente;Consistido
SPASKCENTR101;18/12/2019;17;Liquida;0;106,512;0;46,368;0;Hora Completa Consistente;Consistido
SPASKCENTR101;18/12/2019;18;Liquida;0;101,472;0;44,608;0;Hora Completa Consistente;Consistido
SPASKCENTR101;18/12/2019;19;Liquida;0;100,208;0;42,4;0;Hora Completa Consistente;Consistido
SPASKCENTR101;18/12/2019;20;Liquida;0;90,672;0;38,096;0;Hora Completa Consistente;Consistido
SPASKCENTR101;18/12/2019;21;Liquida;0;99,248;0;42,784;0;Hora Completa Consistente;Consistido
SPASKCENTR101;18/12/2019;22;Liquida;0;97,216;0;43,28;0;Hora Completa Consistente;Consistido
SPASKCENTR101;18/12/2019;23;Liquida;0;84,128;0;35,232;0;Hora Completa Consistente;Consistido
SPASKCENTR101;18/12/2019;24;Liquida;0;76,064;0;28,768;0;Hora Completa Consistente;Consistido
SPASKCENTR101;19/12/2019;1;Liquida;0;74,912;0;29,392;0;Hora Completa Consistente;Consistido
SPASKCENTR101;19/12/2019;2;Liquida;0;67,392;0;27,184;0;Hora Completa Consistente;Consistido
SPASKCENTR101;19/12/2019;3;Liquida;0;67,632;0;27,488;0;Hora Completa Consistente;Consistido
SPASKCENTR101;19/12/2019;4;Liquida;0;67,408;0;25,216;0;Hora Completa Consistente;Consistido
SPASKCENTR101;19/12/2019;5;Liquida;0;68,32;0;25,68;0;Hora Completa Consistente;Consistido
SPASKCENTR101;19/12/2019;6;Liquida;0;81,632;0;32,736;0;Hora Completa Consistente;Consistido
SPASKCENTR101;19/12/2019;7;Liquida;0;93,536;0;40,24;0;Hora Completa Consistente;Consistido
SPASKCENTR101;19/12/2019;8;Liquida;0;96,288;0;40,944;0;Hora Completa Consistente;Consistido
SPASKCENTR101;19/12/2019;9;Liquida;0;98,88;0;41,952;0;Hora Completa Consistente;Consistido
SPASKCENTR101;19/12/2019;10;Liquida;0;101,824;0;43,44;0;Hora Completa Consistente;Consistido
SPASKCENTR101;19/12/2019;11;Liquida;0;100,512;0;42,704;0;Hora Completa Consistente;Consistido
SPASKCENTR101;19/12/2019;12;Liquida;0;103,216;0;42,512;0;Hora Completa Consistente;Consistido
SPASKCENTR101;19/12/2019;13;Liquida;0;103,92;0;43,056;0;Hora Completa Consistente;Consistido
SPASKCENTR101;19/12/2019;14;Liquida;0;104,08;0;44,336;0;Hora Completa Consistente;Consistido
SPASKCENTR101;19/12/2019;15;Liquida;0;105,632;0;45,408;0;Hora Completa Consistente;Consistido
SPASKCENTR101;19/12/2019;16;Liquida;0;103,824;0;43,696;0;Hora Completa Consistente;Consistido
SPASKCENTR101;19/12/2019;17;Liquida;0;100,16;0;43,424;0;Hora Completa Consistente;Consistido
SPASKCENTR101;19/12/2019;18;Liquida;0;99,808;0;44,656;0;Hora Completa Consistente;Consistido
SPASKCENTR101;19/12/2019;19;Liquida;0;99,824;0;43,984;0;Hora Completa Consistente;Consistido
SPASKCENTR101;19/12/2019;20;Liquida;0;95,088;0;40,56;0;Hora Completa Consistente;Consistido
SPASKCENTR101;19/12/2019;21;Liquida;0;95,296;0;41,664;0;Hora Completa Consistente;Consistido
SPASKCENTR101;19/12/2019;22;Liquida;0;94,48;0;40,464;0;Hora Completa Consistente;Consistido
SPASKCENTR101;19/12/2019;23;Liquida;0;82,992;0;34,784;0;Hora Completa Consistente;Consistido
SPASKCENTR101;19/12/2019;24;Liquida;0;77,312;0;32,128;0;Hora Completa Consistente;Consistido
SPASKCENTR101;20/12/2019;1;Liquida;0;72,448;0;28,016;0;Hora Completa Consistente;Consistido
SPASKCENTR101;20/12/2019;2;Liquida;0;68,528;0;27,76;0;Hora Completa Consistente;Consistido
SPASKCENTR101;20/12/2019;3;Liquida;0;66,912;0;27,92;0;Hora Completa Consistente;Consistido
SPASKCENTR101;20/12/2019;4;Liquida;0;66,752;0;28,56;0;Hora Completa Consistente;Consistido
SPASKCENTR101;20/12/2019;5;Liquida;0;75,264;0;29,856;0;Hora Completa Consistente;Consistido
SPASKCENTR101;20/12/2019;6;Liquida;0;80,56;0;33,616;0;Hora Completa Consistente;Consistido
SPASKCENTR101;20/12/2019;7;Liquida;0;92,592;0;39,744;0;Hora Completa Consistente;Consistido
SPASKCENTR101;20/12/2019;8;Liquida;0;98,384;0;43,744;0;Hora Completa Consistente;Consistido
SPASKCENTR101;20/12/2019;9;Liquida;0;101,76;0;43,2;0;Hora Completa Consistente;Consistido
SPASKCENTR101;20/12/2019;10;Liquida;0;105,664;0;46,384;0;Hora Completa Consistente;Consistido
SPASKCENTR101;20/12/2019;11;Liquida;0;102,288;0;43,2;0;Hora Completa Consistente;Consistido
SPASKCENTR101;20/12/2019;12;Liquida;0;105,504;0;44,752;0;Hora Completa Consistente;Consistido
SPASKCENTR101;20/12/2019;13;Liquida;0;106,784;0;46,912;0;Hora Completa Consistente;Consistido
SPASKCENTR101;20/12/2019;14;Liquida;0;105,536;0;43,104;0;Hora Completa Consistente;Consistido
SPASKCENTR101;20/12/2019;15;Liquida;0;104,224;0;45,536;0;Hora Completa Consistente;Consistido
SPASKCENTR101;20/12/2019;16;Liquida;0;112,128;0;48,8;0;Hora Completa Consistente;Consistido
SPASKCENTR101;20/12/2019;17;Liquida;0;107,728;0;46,784;0;Hora Completa Consistente;Consistido
SPASKCENTR101;20/12/2019;18;Liquida;0;105,648;0;44,704;0;Hora Completa Consistente;Consistido
SPASKCENTR101;20/12/2019;19;Liquida;0;101,872;0;44,208;0;Hora Completa Consistente;Consistido
SPASKCENTR101;20/12/2019;20;Liquida;0;103,696;0;46,48;0;Hora Completa Consistente;Consistido
SPASKCENTR101;20/12/2019;21;Liquida;0;97,76;0;41,664;0;Hora Completa Consistente;Consistido
SPASKCENTR101;20/12/2019;22;Liquida;0;99,84;0;43,184;0;Hora Completa Consistente;Consistido
SPASKCENTR101;20/12/2019;23;Liquida;0;89,664;0;37,648;0;Hora Completa Consistente;Consistido
SPASKCENTR101;20/12/2019;24;Liquida;0;83,712;0;35,072;0;Hora Completa Consistente;Consistido
SPASKCENTR101;21/12/2019;1;Liquida;0;70;0;27,44;0;Hora Completa Consistente;Consistido
SPASKCENTR101;21/12/2019;2;Liquida;0;69,248;0;27,12;0;Hora Completa Consistente;Consistido
SPASKCENTR101;21/12/2019;3;Liquida;0;67,52;0;26,688;0;Hora Completa Consistente;Consistido
SPASKCENTR101;21/12/2019;4;Liquida;0;68,848;0;30,8;0;Hora Completa Consistente;Consistido
SPASKCENTR101;21/12/2019;5;Liquida;0;75,76;0;32,016;0;Hora Completa Consistente;Consistido
SPASKCENTR101;21/12/2019;6;Liquida;0;88;0;36,16;0;Hora Completa Consistente;Consistido
SPASKCENTR101;21/12/2019;7;Liquida;0;97,024;0;40,688;0;Hora Completa Consistente;Consistido
SPASKCENTR101;21/12/2019;8;Liquida;0;109,68;0;45,728;0;Hora Completa Consistente;Consistido
SPASKCENTR101;21/12/2019;9;Liquida;0;105,44;0;43,328;0;Hora Completa Consistente;Consistido
SPASKCENTR101;21/12/2019;10;Liquida;0;105,44;0;45,2;0;Hora Completa Consistente;Consistido
SPASKCENTR101;21/12/2019;11;Liquida;0;109,184;0;46,512;0;Hora Completa Consistente;Consistido
SPASKCENTR101;21/12/2019;12;Liquida;0;103,76;0;43,088;0;Hora Completa Consistente;Consistido
SPASKCENTR101;21/12/2019;13;Liquida;0;111,408;0;47,2;0;Hora Completa Consistente;Consistido
SPASKCENTR101;21/12/2019;14;Liquida;0;112,272;0;45,44;0;Hora Completa Consistente;Consistido
SPASKCENTR101;21/12/2019;15;Liquida;0;110,128;0;48,48;0;Hora Completa Consistente;Consistido
SPASKCENTR101;21/12/2019;16;Liquida;0;124,176;0;55,28;0;Hora Completa Consistente;Consistido
SPASKCENTR101;21/12/2019;17;Liquida;0;115,824;0;50,176;0;Hora Completa Consistente;Consistido
SPASKCENTR101;21/12/2019;18;Liquida;0;108,992;0;46,416;0;Hora Completa Consistente;Consistido
SPASKCENTR101;21/12/2019;19;Liquida;0;107,92;0;46,592;0;Hora Completa Consistente;Consistido
SPASKCENTR101;21/12/2019;20;Liquida;0;111,392;0;48,432;0;Hora Completa Consistente;Consistido
SPASKCENTR101;21/12/2019;21;Liquida;0;106,912;0;46,72;0;Hora Completa Consistente;Consistido
SPASKCENTR101;21/12/2019;22;Liquida;0;103,12;0;43,792;0;Hora Completa Consistente;Consistido
SPASKCENTR101;21/12/2019;23;Liquida;0;91,712;0;38,176;0;Hora Completa Consistente;Consistido
SPASKCENTR101;21/12/2019;24;Liquida;0;86,496;0;35,056;0;Hora Completa Consistente;Consistido
SPASKCENTR101;22/12/2019;1;Liquida;0;73,536;0;29,744;0;Hora Completa Consistente;Consistido
SPASKCENTR101;22/12/2019;2;Liquida;0;72,144;0;29,696;0;Hora Completa Consistente;Consistido
SPASKCENTR101;22/12/2019;3;Liquida;0;67,824;0;29,12;0;Hora Completa Consistente;Consistido
SPASKCENTR101;22/12/2019;4;Liquida;0;71,536;0;31,856;0;Hora Completa Consistente;Consistido
SPASKCENTR101;22/12/2019;5;Liquida;0;69,552;0;29,712;0;Hora Completa Consistente;Consistido
SPASKCENTR101;22/12/2019;6;Liquida;0;88,144;0;37,152;0;Hora Completa Consistente;Consistido
SPASKCENTR101;22/12/2019;7;Liquida;0;98,288;0;42,416;0;Hora Completa Consistente;Consistido
SPASKCENTR101;22/12/2019;8;Liquida;0;107,344;0;47,776;0;Hora Completa Consistente;Consistido
SPASKCENTR101;22/12/2019;9;Liquida;0;100,192;0;42,768;0;Hora Completa Consistente;Consistido
SPASKCENTR101;22/12/2019;10;Liquida;0;106,928;0;45,536;0;Hora Completa Consistente;Consistido
SPASKCENTR101;22/12/2019;11;Liquida;0;106,08;0;45,376;0;Hora Completa Consistente;Consistido
SPASKCENTR101;22/12/2019;12;Liquida;0;112,896;0;47,776;0;Hora Completa Consistente;Consistido
SPASKCENTR101;22/12/2019;13;Liquida;0;111,76;0;47,376;0;Hora Completa Consistente;Consistido
SPASKCENTR101;22/12/2019;14;Liquida;0;111,84;0;46,416;0;Hora Completa Consistente;Consistido
SPASKCENTR101;22/12/2019;15;Liquida;0;109,216;0;47,616;0;Hora Completa Consistente;Consistido
SPASKCENTR101;22/12/2019;16;Liquida;0;121,456;0;52,4;0;Hora Completa Consistente;Consistido
SPASKCENTR101;22/12/2019;17;Liquida;0;113,216;0;49,28;0;Hora Completa Consistente;Consistido
SPASKCENTR101;22/12/2019;18;Liquida;0;109,856;0;49,344;0;Hora Completa Consistente;Consistido
SPASKCENTR101;22/12/2019;19;Liquida;0;104,656;0;44,384;0;Hora Completa Consistente;Consistido
SPASKCENTR101;22/12/2019;20;Liquida;0;106,304;0;46,192;0;Hora Completa Consistente;Consistido
SPASKCENTR101;22/12/2019;21;Liquida;0;106,08;0;45,536;0;Hora Completa Consistente;Consistido
SPASKCENTR101;22/12/2019;22;Liquida;0;106,064;0;43,472;0;Hora Completa Consistente;Consistido
SPASKCENTR101;22/12/2019;23;Liquida;0;89,104;0;34,528;0;Hora Completa Consistente;Consistido
SPASKCENTR101;22/12/2019;24;Liquida;0;77,248;0;30,608;0;Hora Completa Consistente;Consistido
SPASKCENTR101;23/12/2019;1;Liquida;0;79,216;0;31,168;0;Hora Completa Consistente;Consistido
SPASKCENTR101;23/12/2019;2;Liquida;0;75,936;0;29,536;0;Hora Completa Consistente;Consistido
SPASKCENTR101;23/12/2019;3;Liquida;0;72,96;0;27,408;0;Hora Completa Consistente;Consistido
SPASKCENTR101;23/12/2019;4;Liquida;0;74,8;0;28,256;0;Hora Completa Consistente;Consistido
SPASKCENTR101;23/12/2019;5;Liquida;0;74,784;0;30,848;0;Hora Completa Consistente;Consistido
SPASKCENTR101;23/12/2019;6;Liquida;0;87,968;0;34,944;0;Hora Completa Consistente;Consistido
SPASKCENTR101;23/12/2019;7;Liquida;0;102,848;0;42,016;0;Hora Completa Consistente;Consistido
SPASKCENTR101;23/12/2019;8;Liquida;0;108,528;0;44,08;0;Hora Completa Consistente;Consistido
SPASKCENTR101;23/12/2019;9;Liquida;0;109,072;0;44,416;0;Hora Completa Consistente;Consistido
SPASKCENTR101;23/12/2019;10;Liquida;0;112,928;0;48,096;0;Hora Completa Consistente;Consistido
SPASKCENTR101;23/12/2019;11;Liquida;0;112,432;0;47,728;0;Hora Completa Consistente;Consistido
SPASKCENTR101;23/12/2019;12;Liquida;0;103,504;0;44,576;0;Hora Completa Consistente;Consistido
SPASKCENTR101;23/12/2019;13;Liquida;0;108,208;0;46,032;0;Hora Completa Consistente;Consistido
SPASKCENTR101;23/12/2019;14;Liquida;0;107,824;0;44,864;0;Hora Completa Consistente;Consistido
SPASKCENTR101;23/12/2019;15;Liquida;0;108,656;0;44,016;0;Hora Completa Consistente;Consistido
SPASKCENTR101;23/12/2019;16;Liquida;0;109,936;0;48,768;0;Hora Completa Consistente;Consistido
SPASKCENTR101;23/12/2019;17;Liquida;0;110,752;0;47,856;0;Hora Completa Consistente;Consistido
SPASKCENTR101;23/12/2019;18;Liquida;0;103,856;0;43,808;0;Hora Completa Consistente;Consistido
SPASKCENTR101;23/12/2019;19;Liquida;0;101,872;0;42,576;0;Hora Completa Consistente;Consistido
SPASKCENTR101;23/12/2019;20;Liquida;0;100,88;0;43,328;0;Hora Completa Consistente;Consistido
SPASKCENTR101;23/12/2019;21;Liquida;0;98,592;0;42,704;0;Hora Completa Consistente;Consistido
SPASKCENTR101;23/12/2019;22;Liquida;0;104,72;0;45,92;0;Hora Completa Consistente;Consistido
SPASKCENTR101;23/12/2019;23;Liquida;0;97,296;0;40,736;0;Hora Completa Consistente;Consistido
SPASKCENTR101;23/12/2019;24;Liquida;0;84,56;0;34,768;0;Hora Completa Consistente;Consistido
SPASKCENTR101;24/12/2019;1;Liquida;0;73,2;0;28,528;0;Hora Completa Consistente;Consistido
SPASKCENTR101;24/12/2019;2;Liquida;0;74,112;0;29,152;0;Hora Completa Consistente;Consistido
SPASKCENTR101;24/12/2019;3;Liquida;0;70,368;0;26,64;0;Hora Completa Consistente;Consistido
SPASKCENTR101;24/12/2019;4;Liquida;0;74,912;0;30,816;0;Hora Completa Consistente;Consistido
SPASKCENTR101;24/12/2019;5;Liquida;0;67,296;0;26,912;0;Hora Completa Consistente;Consistido
SPASKCENTR101;24/12/2019;6;Liquida;0;78,64;0;32,528;0;Hora Completa Consistente;Consistido
SPASKCENTR101;24/12/2019;7;Liquida;0;98,64;0;38,832;0;Hora Completa Consistente;Consistido
SPASKCENTR101;24/12/2019;8;Liquida;0;108,32;0;45,44;0;Hora Completa Consistente;Consistido
SPASKCENTR101;24/12/2019;9;Liquida;0;108,72;0;45,552;0;Hora Completa Consistente;Consistido
SPASKCENTR101;24/12/2019;10;Liquida;0;114;0;49,152;0;Hora Completa Consistente;Consistido
SPASKCENTR101;24/12/2019;11;Liquida;0;110,592;0;47,632;0;Hora Completa Consistente;Consistido
SPASKCENTR101;24/12/2019;12;Liquida;0;103,152;0;44,496;0;Hora Completa Consistente;Consistido
SPASKCENTR101;24/12/2019;13;Liquida;0;114,752;0;47,136;0;Hora Completa Consistente;Consistido
SPASKCENTR101;24/12/2019;14;Liquida;0;111,136;0;47,056;0;Hora Completa Consistente;Consistido
SPASKCENTR101;24/12/2019;15;Liquida;0;111,776;0;46,16;0;Hora Completa Consistente;Consistido
SPASKCENTR101;24/12/2019;16;Liquida;0;112,784;0;48,32;0;Hora Completa Consistente;Consistido
SPASKCENTR101;24/12/2019;17;Liquida;0;110,512;0;47,952;0;Hora Completa Consistente;Consistido
SPASKCENTR101;24/12/2019;18;Liquida;0;98,96;0;43,392;0;Hora Completa Consistente;Consistido
SPASKCENTR101;24/12/2019;19;Liquida;0;114,336;0;48,8;0;Hora Completa Consistente;Consistido
SPASKCENTR101;24/12/2019;20;Liquida;0;101,568;0;44,144;0;Hora Completa Consistente;Consistido
SPASKCENTR101;24/12/2019;21;Liquida;0;93,888;0;36,544;0;Hora Completa Consistente;Consistido
SPASKCENTR101;24/12/2019;22;Liquida;0;71,968;0;28,768;0;Hora Completa Consistente;Consistido
SPASKCENTR101;24/12/2019;23;Liquida;0;72,912;0;28,72;0;Hora Completa Consistente;Consistido
SPASKCENTR101;24/12/2019;24;Liquida;0;64,88;0;26,112;0;Hora Completa Consistente;Consistido
SPASKCENTR101;25/12/2019;1;Liquida;0;70,576;0;27,792;0;Hora Completa Consistente;Consistido
SPASKCENTR101;25/12/2019;2;Liquida;0;62,608;0;25,088;0;Hora Completa Consistente;Consistido
SPASKCENTR101;25/12/2019;3;Liquida;0;63,84;0;23,456;0;Hora Completa Consistente;Consistido
SPASKCENTR101;25/12/2019;4;Liquida;0;62,72;0;24,064;0;Hora Completa Consistente;Consistido
SPASKCENTR101;25/12/2019;5;Liquida;0;65,792;0;25,12;0;Hora Completa Consistente;Consistido
SPASKCENTR101;25/12/2019;6;Liquida;0;58,832;0;22,912;0;Hora Completa Consistente;Consistido
SPASKCENTR101;25/12/2019;7;Liquida;0;67,68;0;26,128;0;Hora Completa Consistente;Consistido
SPASKCENTR101;25/12/2019;8;Liquida;0;61,296;0;24,848;0;Hora Completa Consistente;Consistido
SPASKCENTR101;25/12/2019;9;Liquida;0;67,984;0;26,784;0;Hora Completa Consistente;Consistido
SPASKCENTR101;25/12/2019;10;Liquida;0;68,592;0;26,128;0;Hora Completa Consistente;Consistido
SPASKCENTR101;25/12/2019;11;Liquida;0;71,44;0;28,528;0;Hora Completa Consistente;Consistido
SPASKCENTR101;25/12/2019;12;Liquida;0;66,112;0;26,112;0;Hora Completa Consistente;Consistido
SPASKCENTR101;25/12/2019;13;Liquida;0;70,352;0;28,48;0;Hora Completa Consistente;Consistido
SPASKCENTR101;25/12/2019;14;Liquida;0;68,688;0;27,824;0;Hora Completa Consistente;Consistido
SPASKCENTR101;25/12/2019;15;Liquida;0;70,784;0;27,648;0;Hora Completa Consistente;Consistido
SPASKCENTR101;25/12/2019;16;Liquida;0;68,672;0;27,072;0;Hora Completa Consistente;Consistido
SPASKCENTR101;25/12/2019;17;Liquida;0;69,936;0;28,704;0;Hora Completa Consistente;Consistido
SPASKCENTR101;25/12/2019;18;Liquida;0;63,056;0;24,512;0;Hora Completa Consistente;Consistido
SPASKCENTR101;25/12/2019;19;Liquida;0;65,792;0;26,752;0;Hora Completa Consistente;Consistido
SPASKCENTR101;25/12/2019;20;Liquida;0;65,92;0;25,056;0;Hora Completa Consistente;Consistido
SPASKCENTR101;25/12/2019;21;Liquida;0;63,28;0;25,264;0;Hora Completa Consistente;Consistido
SPASKCENTR101;25/12/2019;22;Liquida;0;63,52;0;24,928;0;Hora Completa Consistente;Consistido
SPASKCENTR101;25/12/2019;23;Liquida;0;63,792;0;25,088;0;Hora Completa Consistente;Consistido
SPASKCENTR101;25/12/2019;24;Liquida;0;64,528;0;24,656;0;Hora Completa Consistente;Consistido
SPASKCENTR101;26/12/2019;1;Liquida;0;59,056;0;25,12;0;Hora Completa Consistente;Consistido
SPASKCENTR101;26/12/2019;2;Liquida;0;64,208;0;24,816;0;Hora Completa Consistente;Consistido
SPASKCENTR101;26/12/2019;3;Liquida;0;59,168;0;23,568;0;Hora Completa Consistente;Consistido
SPASKCENTR101;26/12/2019;4;Liquida;0;61,376;0;23,808;0;Hora Completa Consistente;Consistido
SPASKCENTR101;26/12/2019;5;Liquida;0;62,976;0,016;25,392;0;Hora Completa Consistente;Consistido
SPASKCENTR101;26/12/2019;6;Liquida;0;82,256;0;34,304;0;Hora Completa Consistente;Consistido
SPASKCENTR101;26/12/2019;7;Liquida;0;100,064;0;38,88;0;Hora Completa Consistente;Consistido
SPASKCENTR101;26/12/2019;8;Liquida;0;100,72;0;41,568;0;Hora Completa Consistente;Consistido
SPASKCENTR101;26/12/2019;9;Liquida;0;106,24;0;43,024;0;Hora Completa Consistente;Consistido
SPASKCENTR101;26/12/2019;10;Liquida;0;111,376;0;46,352;0;Hora Completa Consistente;Consistido
SPASKCENTR101;26/12/2019;11;Liquida;0;111,744;0;44,464;0;Hora Completa Consistente;Consistido
SPASKCENTR101;26/12/2019;12;Liquida;0;106,88;0;43,424;0;Hora Completa Consistente;Consistido
SPASKCENTR101;26/12/2019;13;Liquida;0;117,664;0;50,32;0;Hora Completa Consistente;Consistido
SPASKCENTR101;26/12/2019;14;Liquida;0;104,176;0;42,608;0;Hora Completa Consistente;Consistido
SPASKCENTR101;26/12/2019;15;Liquida;0;112,72;0;49,536;0;Hora Completa Consistente;Consistido
SPASKCENTR101;26/12/2019;16;Liquida;0;106,896;0;45,76;0;Hora Completa Consistente;Consistido
SPASKCENTR101;26/12/2019;17;Liquida;0;112,64;0;48,88;0;Hora Completa Consistente;Consistido
SPASKCENTR101;26/12/2019;18;Liquida;0;99,248;0;42,72;0;Hora Completa Consistente;Consistido
SPASKCENTR101;26/12/2019;19;Liquida;0;106,816;0;47,168;0;Hora Completa Consistente;Consistido
SPASKCENTR101;26/12/2019;20;Liquida;0;103,984;0;44,272;0;Hora Completa Consistente;Consistido
SPASKCENTR101;26/12/2019;21;Liquida;0;100,416;0;42,528;0;Hora Completa Consistente;Consistido
SPASKCENTR101;26/12/2019;22;Liquida;0;102,512;0;44,768;0;Hora Completa Consistente;Consistido
SPASKCENTR101;26/12/2019;23;Liquida;0;85,536;0;37,056;0;Hora Completa Consistente;Consistido
SPASKCENTR101;26/12/2019;24;Liquida;0;72,896;0;28,96;0;Hora Completa Consistente;Consistido
SPASKCENTR101;27/12/2019;1;Liquida;0;70,672;0;30,08;0;Hora Completa Consistente;Consistido
SPASKCENTR101;27/12/2019;2;Liquida;0;71,36;0;28,816;0;Hora Completa Consistente;Consistido
SPASKCENTR101;27/12/2019;3;Liquida;0;64,56;0;26,784;0;Hora Completa Consistente;Consistido
SPASKCENTR101;27/12/2019;4;Liquida;0;70,912;0;29,6;0;Hora Completa Consistente;Consistido
SPASKCENTR101;27/12/2019;5;Liquida;0;71,872;0;30,112;0;Hora Completa Consistente;Consistido
SPASKCENTR101;27/12/2019;6;Liquida;0;81,776;0;34,928;0;Hora Completa Consistente;Consistido
SPASKCENTR101;27/12/2019;7;Liquida;0;92,768;0;38,928;0;Hora Completa Consistente;Consistido
SPASKCENTR101;27/12/2019;8;Liquida;0;107,456;0;44,464;0;Hora Completa Consistente;Consistido
SPASKCENTR101;27/12/2019;9;Liquida;0;107,84;0;47,456;0;Hora Completa Consistente;Consistido
SPASKCENTR101;27/12/2019;10;Liquida;0;106,928;0;46,128;0;Hora Completa Consistente;Consistido
SPASKCENTR101;27/12/2019;11;Liquida;0;106,384;0;43,056;0;Hora Completa Consistente;Consistido
SPASKCENTR101;27/12/2019;12;Liquida;0;110,224;0;45,824;0;Hora Completa Consistente;Consistido
SPASKCENTR101;27/12/2019;13;Liquida;0;114,336;0;49,264;0;Hora Completa Consistente;Consistido
SPASKCENTR101;27/12/2019;14;Liquida;0;119,68;0;50,288;0;Hora Completa Consistente;Consistido
SPASKCENTR101;27/12/2019;15;Liquida;0;112,944;0;48,976;0;Hora Completa Consistente;Consistido
SPASKCENTR101;27/12/2019;16;Liquida;0;105,856;0;45,616;0;Hora Completa Consistente;Consistido
SPASKCENTR101;27/12/2019;17;Liquida;0;108,88;0;46,112;0;Hora Completa Consistente;Consistido
SPASKCENTR101;27/12/2019;18;Liquida;0;101,6;0;43,008;0;Hora Completa Consistente;Consistido
SPASKCENTR101;27/12/2019;19;Liquida;0;101,056;0;44,048;0;Hora Completa Consistente;Consistido
SPASKCENTR101;27/12/2019;20;Liquida;0;97,92;0;41,904;0;Hora Completa Consistente;Consistido
SPASKCENTR101;27/12/2019;21;Liquida;0;100,448;0;41,776;0;Hora Completa Consistente;Consistido
SPASKCENTR101;27/12/2019;22;Liquida;0;96,672;0;41,648;0;Hora Completa Consistente;Consistido
SPASKCENTR101;27/12/2019;23;Liquida;0;100,08;0;43,312;0;Hora Completa Consistente;Consistido
SPASKCENTR101;27/12/2019;24;Liquida;0;79,456;0;33,504;0;Hora Completa Consistente;Consistido
SPASKCENTR101;28/12/2019;1;Liquida;0;76,848;0;29,504;0;Hora Completa Consistente;Consistido
SPASKCENTR101;28/12/2019;2;Liquida;0;69,76;0;28,544;0;Hora Completa Consistente;Consistido
SPASKCENTR101;28/12/2019;3;Liquida;0;76,8;0;29,648;0;Hora Completa Consistente;Consistido
SPASKCENTR101;28/12/2019;4;Liquida;0;72,912;0;29,84;0;Hora Completa Consistente;Consistido
SPASKCENTR101;28/12/2019;5;Liquida;0;77,088;0;29,168;0;Hora Completa Consistente;Consistido
SPASKCENTR101;28/12/2019;6;Liquida;0;82,4;0;35,088;0;Hora Completa Consistente;Consistido
SPASKCENTR101;28/12/2019;7;Liquida;0;100,848;0;43,28;0;Hora Completa Consistente;Consistido
SPASKCENTR101;28/12/2019;8;Liquida;0;102,128;0;43,36;0;Hora Completa Consistente;Consistido
SPASKCENTR101;28/12/2019;9;Liquida;0;110,096;0;45,072;0;Hora Completa Consistente;Consistido
SPASKCENTR101;28/12/2019;10;Liquida;0;112,256;0;46,928;0;Hora Completa Consistente;Consistido
SPASKCENTR101;28/12/2019;11;Liquida;0;112,016;0;46,624;0;Hora Completa Consistente;Consistido
SPASKCENTR101;28/12/2019;12;Liquida;0;110,272;0;45,968;0;Hora Completa Consistente;Consistido
SPASKCENTR101;28/12/2019;13;Liquida;0;106,624;0;46,304;0;Hora Completa Consistente;Consistido
SPASKCENTR101;28/12/2019;14;Liquida;0;111,264;0;44,992;0;Hora Completa Consistente;Consistido
SPASKCENTR101;28/12/2019;15;Liquida;0;104,816;0;47,824;0;Hora Completa Consistente;Consistido
SPASKCENTR101;28/12/2019;16;Liquida;0;107,424;0;47,152;0;Hora Completa Consistente;Consistido
SPASKCENTR101;28/12/2019;17;Liquida;0;99,792;0;42,016;0;Hora Completa Consistente;Consistido
SPASKCENTR101;28/12/2019;18;Liquida;0;106,48;0;44,4;0;Hora Completa Consistente;Consistido
SPASKCENTR101;28/12/2019;19;Liquida;0;95,984;0;40,512;0;Hora Completa Consistente;Consistido
SPASKCENTR101;28/12/2019;20;Liquida;0;107,376;0;45,712;0;Hora Completa Consistente;Consistido
SPASKCENTR101;28/12/2019;21;Liquida;0;99,568;0;43,632;0;Hora Completa Consistente;Consistido
SPASKCENTR101;28/12/2019;22;Liquida;0;101,088;0;40,592;0;Hora Completa Consistente;Consistido
SPASKCENTR101;28/12/2019;23;Liquida;0;92,048;0;38,224;0;Hora Completa Consistente;Consistido
SPASKCENTR101;28/12/2019;24;Liquida;0;78,096;0;32,816;0;Hora Completa Consistente;Consistido
SPASKCENTR101;29/12/2019;1;Liquida;0;66,464;0;27,04;0;Hora Completa Consistente;Consistido
SPASKCENTR101;29/12/2019;2;Liquida;0;72,096;0;29,744;0;Hora Completa Consistente;Consistido
SPASKCENTR101;29/12/2019;3;Liquida;0;66,32;0;30,208;0;Hora Completa Consistente;Consistido
SPASKCENTR101;29/12/2019;4;Liquida;0;68,288;0;30,336;0;Hora Completa Consistente;Consistido
SPASKCENTR101;29/12/2019;5;Liquida;0;63,408;0;27,68;0;Hora Completa Consistente;Consistido
SPASKCENTR101;29/12/2019;6;Liquida;0;80,976;0;31,472;0;Hora Completa Consistente;Consistido
SPASKCENTR101;29/12/2019;7;Liquida;0;98,528;0;40,048;0;Hora Completa Consistente;Consistido
SPASKCENTR101;29/12/2019;8;Liquida;0;98,576;0;41,12;0;Hora Completa Consistente;Consistido
SPASKCENTR101;29/12/2019;9;Liquida;0;97,072;0;38,864;0;Hora Completa Consistente;Consistido
SPASKCENTR101;29/12/2019;10;Liquida;0;104,896;0;42,608;0;Hora Completa Consistente;Consistido
SPASKCENTR101;29/12/2019;11;Liquida;0;99,68;0;40,656;0;Hora Completa Consistente;Consistido
SPASKCENTR101;29/12/2019;12;Liquida;0;98,64;0;40,512;0;Hora Completa Consistente;Consistido
SPASKCENTR101;29/12/2019;13;Liquida;0;106,432;0;45,456;0;Hora Completa Consistente;Consistido
SPASKCENTR101;29/12/2019;14;Liquida;0;114,976;0;48,528;0;Hora Completa Consistente;Consistido
SPASKCENTR101;29/12/2019;15;Liquida;0;102,768;0;45,44;0;Hora Completa Consistente;Consistido
SPASKCENTR101;29/12/2019;16;Liquida;0;74,48;0;34,944;0;Hora Completa Consistente;Consistido
SPASKCENTR101;29/12/2019;17;Liquida;0;100,032;0;43,168;0;Hora Completa Consistente;Consistido
SPASKCENTR101;29/12/2019;18;Liquida;0;97,2;0;41,984;0;Hora Completa Consistente;Consistido
SPASKCENTR101;29/12/2019;19;Liquida;0;92,144;0;40,496;0;Hora Completa Consistente;Consistido
SPASKCENTR101;29/12/2019;20;Liquida;0;92,832;0;40,48;0;Hora Completa Consistente;Consistido
SPASKCENTR101;29/12/2019;21;Liquida;0;92,88;0;41,392;0;Hora Completa Consistente;Consistido
SPASKCENTR101;29/12/2019;22;Liquida;0;89,664;0;38,752;0;Hora Completa Consistente;Consistido
SPASKCENTR101;29/12/2019;23;Liquida;0;77,04;0;31,6;0;Hora Completa Consistente;Consistido
SPASKCENTR101;29/12/2019;24;Liquida;0;67,856;0;27,232;0;Hora Completa Consistente;Consistido
SPASKCENTR101;30/12/2019;1;Liquida;0;66,848;0;26,032;0;Hora Completa Consistente;Consistido
SPASKCENTR101;30/12/2019;2;Liquida;0;70,176;0;26,24;0;Hora Completa Consistente;Consistido
SPASKCENTR101;30/12/2019;3;Liquida;0;66,704;0;27,488;0;Hora Completa Consistente;Consistido
SPASKCENTR101;30/12/2019;4;Liquida;0;65,568;0;27,776;0;Hora Completa Consistente;Consistido
SPASKCENTR101;30/12/2019;5;Liquida;0;63,648;0;23,552;0;Hora Completa Consistente;Consistido
SPASKCENTR101;30/12/2019;6;Liquida;0;78,96;0;33,472;0;Hora Completa Consistente;Consistido
SPASKCENTR101;30/12/2019;7;Liquida;0;95,072;0;38,736;0;Hora Completa Consistente;Consistido
SPASKCENTR101;30/12/2019;8;Liquida;0;97,744;0;41,2;0;Hora Completa Consistente;Consistido
SPASKCENTR101;30/12/2019;9;Liquida;0;97,936;0;40,448;0;Hora Completa Consistente;Consistido
SPASKCENTR101;30/12/2019;10;Liquida;0;99,136;0;39,872;0;Hora Completa Consistente;Consistido
SPASKCENTR101;30/12/2019;11;Liquida;0;103,712;0;44,288;0;Hora Completa Consistente;Consistido
SPASKCENTR101;30/12/2019;12;Liquida;0;101,312;0;43,344;0;Hora Completa Consistente;Consistido
SPASKCENTR101;30/12/2019;13;Liquida;0;96,256;0;41,392;0;Hora Completa Consistente;Consistido
SPASKCENTR101;30/12/2019;14;Liquida;0;102,704;0;42,592;0;Hora Completa Consistente;Consistido
SPASKCENTR101;30/12/2019;15;Liquida;0;98,992;0;41,04;0;Hora Completa Consistente;Consistido
SPASKCENTR101;30/12/2019;16;Liquida;0;102,512;0;45,728;0;Hora Completa Consistente;Consistido
SPASKCENTR101;30/12/2019;17;Liquida;0;99,936;0;45,584;0;Hora Completa Consistente;Consistido
SPASKCENTR101;30/12/2019;18;Liquida;0;95,04;0;42,128;0;Hora Completa Consistente;Consistido
SPASKCENTR101;30/12/2019;19;Liquida;0;94,208;0;42,592;0;Hora Completa Consistente;Consistido
SPASKCENTR101;30/12/2019;20;Liquida;0;92,784;0;39,408;0;Hora Completa Consistente;Consistido
SPASKCENTR101;30/12/2019;21;Liquida;0;90,896;0;39,824;0;Hora Completa Consistente;Consistido
SPASKCENTR101;30/12/2019;22;Liquida;0;88,208;0;39,216;0;Hora Completa Consistente;Consistido
SPASKCENTR101;30/12/2019;23;Liquida;0;89,616;0;40,736;0;Hora Completa Consistente;Consistido
SPASKCENTR101;30/12/2019;24;Liquida;0;81,776;0;31,92;0;Hora Completa Consistente;Consistido
SPASKCENTR101;31/12/2019;1;Liquida;0;66,576;0;25,712;0;Hora Completa Consistente;Consistido
SPASKCENTR101;31/12/2019;2;Liquida;0;64,256;0;24,928;0;Hora Completa Consistente;Consistido
SPASKCENTR101;31/12/2019;3;Liquida;0;63,6;0;25,104;0;Hora Completa Consistente;Consistido
SPASKCENTR101;31/12/2019;4;Liquida;0;68,368;0;27,664;0;Hora Completa Consistente;Consistido
SPASKCENTR101;31/12/2019;5;Liquida;0;73,072;0;28,944;0;Hora Completa Consistente;Consistido
SPASKCENTR101;31/12/2019;6;Liquida;0;78,992;0;31,84;0;Hora Completa Consistente;Consistido
SPASKCENTR101;31/12/2019;7;Liquida;0;90,64;0;37,76;0;Hora Completa Consistente;Consistido
SPASKCENTR101;31/12/2019;8;Liquida;0;99,872;0;42,16;0;Hora Completa Consistente;Consistido
SPASKCENTR101;31/12/2019;9;Liquida;0;99,296;0;40,256;0;Hora Completa Consistente;Consistido
SPASKCENTR101;31/12/2019;10;Liquida;0;103,6;0;42,848;0;Hora Completa Consistente;Consistido
SPASKCENTR101;31/12/2019;11;Liquida;0;101,92;0;41,952;0;Hora Completa Consistente;Consistido
SPASKCENTR101;31/12/2019;12;Liquida;0;104,112;0;44,688;0;Hora Completa Consistente;Consistido
SPASKCENTR101;31/12/2019;13;Liquida;0;102,016;0;44,704;0;Hora Completa Consistente;Consistido
SPASKCENTR101;31/12/2019;14;Liquida;0;101,952;0;43,28;0;Hora Completa Consistente;Consistido
SPASKCENTR101;31/12/2019;15;Liquida;0;102,192;0;45,072;0;Hora Completa Consistente;Consistido
SPASKCENTR101;31/12/2019;16;Liquida;0;99,744;0;42,64;0;Hora Completa Consistente;Consistido
SPASKCENTR101;31/12/2019;17;Liquida;0;94,976;0;41,296;0;Hora Completa Consistente;Consistido
SPASKCENTR101;31/12/2019;18;Liquida;0;93,968;0;41,568;0;Hora Completa Consistente;Consistido
SPASKCENTR101;31/12/2019;19;Liquida;0;92,432;0;40,512;0;Hora Completa Consistente;Consistido
SPASKCENTR101;31/12/2019;20;Liquida;0;91,92;0;40,672;0;Hora Completa Consistente;Consistido
SPASKCENTR101;31/12/2019;21;Liquida;0;87,088;0;34,624;0;Hora Completa Consistente;Consistido
SPASKCENTR101;31/12/2019;22;Liquida;0;72,672;0;28,752;0;Hora Completa Consistente;Consistido
SPASKCENTR101;31/12/2019;23;Liquida;0;65,376;0;25,52;0;Hora Completa Consistente;Consistido
SPASKCENTR101;31/12/2019;24;Liquida;0;65,68;0;26,368;0;Hora Completa Consistente;Consistido